{
  "rf": {
    "n_estimators": 600,
    "max_depth": 21,
    "min_samples_split": 2,
    "min_samples_leaf": 1,
    "max_features": 0.7284165792615441
  },
  "xgb": {
    "n_estimators": 600,
    "max_depth": 3,
    "learning_rate": 0.2652261985899886,
    "subsample": 0.9162213204002109,
    "colsample_bytree": 0.44863737747479326,
    "min_child_weight": 2,
    "gamma": 0.18340450985343382,
    "reg_alpha": 5.472429642032198e-06,
    "reg_lambda": 0.00052821153945323
  }
}